{"info":{"_postman_id":"0531a42c-7c4f-40f7-a0bc-baeafa0ee581","name":"DSCommerce Devsuperior","schema":"https://schema.getpostman.com/json/collection/v2.0.0/collection.json"},"item":[{"name":"Auth","item":[{"name":"Login","event":[{"listen":"test","script":{"type":"text/javascript","exec":["if (responseCode.code >= 200 && responseCode.code < 300) {\r","   var json = JSON.parse(responseBody);\r","   postman.setEnvironmentVariable('token', json.access_token);\r","} "]}}],"id":"8ae3f666-a8e3-4681-ace6-14aab1cb2975","request":{"auth":{"type":"basic","basic":{"username":"{{client-id}}","password":"{{client-secret}}","showPassword":false}},"method":"POST","header":[],"body":{"mode":"urlencoded","urlencoded":[{"key":"username","value":"{{username}}","type":"text"},{"key":"password","value":"{{password}}","type":"text"},{"key":"grant_type","value":"password","type":"text"}]},"url":"{{host}}/oauth/token"},"response":[]}],"id":"ea979c9b-f537-49d3-bf62-2c18de9376f1"},{"name":"Order","item":[{"name":"Order by id","id":"3d438dd9-73e9-42cc-9d9c-d0983e69606a","request":{"auth":{"type":"bearer","bearer":{"token":"{{token}}"}},"method":"GET","header":[{"key":"Origin","value":"http://localhost:3001","type":"text","disabled":true}],"url":"{{host}}/orders/1"},"response":[]},{"name":"New order","id":"d38c9ca6-6fe0-4223-97cd-c1ca70fc2562","request":{"auth":{"type":"bearer","bearer":{"token":"{{token}}"}},"method":"POST","header":[{"key":"Origin","value":"http://localhost:3001","type":"text","disabled":true}],"body":{"mode":"raw","raw":"{\r\n    \"items\": [\r\n        {\r\n            \"productId\": 1,\r\n            \"quantity\": 2\r\n        },\r\n        {\r\n            \"productId\": 5,\r\n            \"quantity\": 1\r\n        }\r\n    ]\r\n}\r\n","options":{"raw":{"language":"json"}}},"url":"{{host}}/orders"},"response":[]}],"id":"eb423ebf-35e4-4bd0-9976-9c7504c4cfc7"},{"name":"Product","item":[{"name":"Product by id","id":"c2ead962-0079-4919-91eb-c65280699779","request":{"method":"GET","header":[{"key":"Origin","value":"http://localhost:3001","type":"text","disabled":true}],"url":"{{host}}/products/2"},"response":[]},{"name":"Products","id":"713a69e0-1e0d-4dec-a4d5-bb586f553fea","request":{"method":"GET","header":[{"key":"Origin","value":"https://meuapp.netlify.app","type":"text","disabled":true}],"url":{"raw":"{{host}}/products?size=12&page=0&sort=name,desc&name=pc%20gamer","host":["{{host}}"],"path":["products"],"query":[{"key":"size","value":"12"},{"key":"page","value":"0"},{"key":"sort","value":"name,desc"},{"key":"name","value":"pc%20gamer"}]}},"response":[]},{"name":"New product","id":"a3926c83-ef0f-46a7-8846-c500a2e9cf26","request":{"auth":{"type":"bearer","bearer":{"token":"{{token}}"}},"method":"POST","header":[],"body":{"mode":"raw","raw":"{\r\n    \"name\": \"Meu produto novo\",\r\n    \"description\": \"Lorem ipsum, dolor sit amet consectetur adipisicing elit. Qui ad, adipisci illum ipsam velit et odit eaque reprehenderit ex maxime delectus dolore labore, quisquam quae tempora natus esse aliquam veniam doloremque quam minima culpa alias maiores commodi. Perferendis enim\",\r\n    \"imgUrl\": \"https://raw.githubusercontent.com/devsuperior/dscatalog-resources/master/backend/img/1-big.jpg\",\r\n    \"price\": 110.0,\r\n    \"categories\": [\r\n        {\r\n            \"id\": 2\r\n        },\r\n        {\r\n            \"id\": 3\r\n        }\r\n    ]\r\n}\r\n","options":{"raw":{"language":"json"}}},"url":"{{host}}/products"},"response":[]},{"name":"Product","id":"30f1d0f6-1ac9-469a-936d-eb47900457ff","request":{"auth":{"type":"bearer","bearer":{"token":"{{token}}"}},"method":"PUT","header":[],"body":{"mode":"raw","raw":"{\r\n    \"name\": \"Produto atualizado\",\r\n    \"description\": \"Lorem ipsum, dolor sit amet consectetur adipisicing elit. Qui ad, adipisci illum ipsam velit et odit eaque reprehenderit ex maxime delectus dolore labore, quisquam quae tempora natus esse aliquam veniam doloremque quam minima culpa alias maiores commodi. Perferendis enim\",\r\n    \"imgUrl\": \"https://raw.githubusercontent.com/devsuperior/dscatalog-resources/master/backend/img/1-big.jpg\",\r\n    \"price\": 200.0,\r\n    \"categories\": [\r\n        {\r\n            \"id\": 2\r\n        },\r\n        {\r\n            \"id\": 3\r\n        }\r\n    ]\r\n}","options":{"raw":{"language":"json"}}},"url":"{{host}}/products/1"},"response":[]},{"name":"Product by id","id":"1dfe2720-7065-4063-80cb-2bf8889c2321","request":{"auth":{"type":"bearer","bearer":{"token":"{{token}}"}},"method":"DELETE","header":[],"url":"{{host}}/products/1"},"response":[]}],"id":"581e9dfc-d9f9-4e70-b573-cba856bfac51"},{"name":"User","item":[{"name":"User logged","id":"51a399be-f235-4165-85f4-67ba477fb856","request":{"auth":{"type":"bearer","bearer":{"token":"{{token}}"}},"method":"GET","header":[],"url":"{{host}}/users/me"},"response":[]}],"id":"fa297413-d3db-44bb-add4-f7e1a980388d"},{"name":"Category","item":[{"name":"Categories","id":"38c8e3d1-388f-4426-ae3a-2a2295bfdc75","request":{"method":"GET","header":[{"key":"Origin","value":"https://meuapp.netlify.app","type":"text","disabled":true}],"url":"{{host}}/categories"},"response":[]}],"id":"c3d64269-5d23-40fa-b8e0-10fc1806dce2"}]}